{"cameraMode":{"drawMode":0,"name":"Shaded","section":"Shading Mode"},"sceneLighting":true,"audioPlay":false,"sceneViewState":{"m_AlwaysRefresh":false,"showFog":true,"showSkybox":true,"showFlares":true,"showImageEffects":true,"showParticleSystems":true,"showVisualEffectGraphs":true,"m_FxEnabled":true},"in2DMode":false,"pivot":{"x":-13.008718490600586,"y":4.787149906158447,"z":-5.5683393478393559},"rotation":{"x":-0.030829107388854028,"y":0.8105944991111755,"z":-0.04284697771072388,"w":-0.5832290649414063},"size":12.011887550354004,"orthographic":false}